# Giuseppe Di Palma 	 Daniel Wahle
# P&R
# ML-CUP24 v1
# 22/01/2025
1,-0.3935140381650528,-1.0486284715297907,17.23244014569117
2,-0.40055801468957825,2.263555510241696,22.88806439485722
3,0.5157983600744326,0.8012147078805596,-12.10704371562951
4,0.41560698377230965,-0.11387566491017986,-4.110672684309061
5,-0.3618103763187305,0.18031243785130813,3.2270219894973144
6,-1.2711462614287425,1.235193042259545,21.825608320774872
7,0.18649909363610737,-0.4297721313320882,5.1606286830638215
8,-0.4723804478334717,-0.36402032970914716,-6.644028171127594
9,-1.6217836276916875,-0.19441751098138885,15.1643306284493
10,-0.6600316489054736,0.4942909301330617,8.389746468195632
11,-0.18595959049181993,-1.1294974213525106,17.69585679718747
12,-0.1643152580091792,0.12816695440816206,18.706379945471433
13,-1.2672059567150873,-1.8801626207939162,24.498563610490077
14,-1.9952278570405613,-1.1011787850008161,22.043422729356614
15,2.029013789780974,-1.0886217034904544,24.018124182116217
16,-0.1404384220464166,-1.137398140803804,17.857313587064024
17,0.38276816950905285,0.7565587160762578,-11.870161593074869
18,-0.0987140660435512,0.062198717094458386,0.14028056563436855
19,0.3549944586967747,1.3352968633295732,-15.924359578083386
20,0.23749200803640103,-1.7203265647041304,24.94292738175406
21,-0.37946388646974893,-0.7703798364699039,9.932381320638653
22,-0.2989367187966328,0.24341991260081786,3.030462212072294
23,-0.5390158959556651,0.1065429870548316,-6.014459850858659
24,0.9978717976815957,-0.4707468106703612,11.784263639541694
25,0.25842339586932656,0.13148209579988165,-3.580813589613574
26,0.48556450380615856,0.7882666808960656,-12.037459698084374
27,0.737641163561802,0.9693299736343214,-13.3810448237894
28,0.4845516498866411,0.7879192948062377,-12.035544026442732
29,0.016919163264255296,-0.44712646228512803,4.223108729530514
30,-0.20653575677997507,0.5569598163318561,-10.685426757114517
31,0.6338517098754438,0.3135856410845579,6.685781972223953
32,-0.17010094976596168,-1.1327683227445462,17.748809012874826
33,-0.05287130814016714,0.0938228300994801,2.7073218879987686
34,-0.15035960969824305,0.6479374018978007,-10.933530604423938
35,0.05735118548589228,1.5299278152940536,14.281231430921554
36,-1.3214930784262047,0.4135541558170903,18.66781857726018
37,-0.05993960538861077,-0.04633792853075694,2.2443195216860348
38,-0.17971361166294061,0.540781861001188,-11.872366522657975
39,-0.26434667343570317,0.014696664018165353,-9.595428664971957
40,0.6659128168755806,0.890896946255751,-12.7586909992107
41,1.8240415081100234,-1.374586883479872,23.91204174585445
42,0.2775428202825665,0.7874853344401047,7.2496442385586
43,0.6134837289840281,1.913910321845317,20.58440991081942
44,-2.240174236445661,0.12472603529426338,21.007650435486173
45,-0.11779763476095752,1.5145851111574231,14.619423763480244
46,0.7894179001500866,-1.6576678877360322,17.913838615127275
47,-1.2673817608051243,0.10439060897788857,17.981819529136015
48,1.121238461293116,1.469124359728097,20.219243480554457
49,-1.3107911260488225,0.369047899396335,18.54114478995655
50,-0.1824742222909997,0.8962084686793734,8.109164145868913
51,-0.2744750736553124,0.02357297755480213,-9.650574155160529
52,0.47790139113845936,0.7856580182685335,-12.023102756301045
53,-1.5479702306000709,-1.6556219579044833,22.757205373601995
54,-0.07734657288688174,0.15653255322105994,-1.7451381918557598
55,0.2772668148099867,2.033253233978008,20.708333098796885
56,1.7525168996024534,0.3976283004230841,19.284753848312686
57,0.8358168382655877,-0.7482854277660855,11.608668175779032
58,-1.4568330428859833,-1.7338768001766334,22.861329756106155
59,-0.5107743933907668,-0.689177248988027,9.595252779190698
60,-0.8884424376063988,0.11273495353370741,8.669012825821621
61,-0.8490459223214145,-0.30725741540665474,8.87856696000168
62,-0.2010979208630049,0.1806056469569074,18.722447005633974
63,-0.38410580932455163,-0.07226991899179627,3.761331206369184
64,-0.0775091742982203,0.7274060536382091,-11.18649250177591
65,-0.46477209153847965,-0.3748694749855471,-6.662693254998821
66,-1.403475459243018,1.7101433335152845,20.827895167041493
67,1.0320214294762589,-0.4971280072820401,25.19345654564961
68,-0.6133676843870473,-0.16239401287152583,16.029752245407813
69,-0.2620431534417403,0.513936212454363,-6.737488153701922
70,1.8112151752422814,1.097783330994285,23.208685102136595
71,-1.2496513276787418,0.9269382530753946,14.769888751581135
72,-0.09185881833663065,-0.32435869356150104,3.7867943816412857
73,-0.24187140604845286,-0.8518009014886828,10.295843989841801
74,-0.8989199444459075,-0.18326059143026285,8.79495128341325
75,1.7859260695854824,0.31601298777492265,19.20613926140819
76,2.0611949716694835,-1.0353410897169497,24.032877396683826
77,0.02314832604973977,0.21321039060108274,-2.506100077817538
78,0.6854141461421183,1.026926097284712,-13.624321348090344
79,-0.03999966923815471,-1.920185799831289,24.77292847640465
80,-0.38279804925558086,-0.08147047769534921,3.7710250558434044
81,-0.021221568813160487,2.2369331035394313,22.817667700238445
82,0.6724224323517327,0.3622531799371465,-9.098831054886231
83,0.14215254666816854,0.9171145229301363,-11.953315304599274
84,-0.007159604194810667,-1.1090435679600583,18.835202506054518
85,-1.2858732241267974,0.2615438834252867,18.261700427443508
86,0.2965318856156051,-1.1881072535495112,18.161848162228676
87,-1.2486070652814787,1.2437568172137974,21.894335160024607
88,-0.2357776054635186,0.5727310359115815,-12.032756342765097
89,1.2075917626125017,0.15071056926261994,12.258193174903244
90,0.25595769139072083,-1.1929061364691007,17.695509263836552
91,-0.21446375687503436,-0.8677336991595626,10.375410055249723
92,-1.3533212623789879,0.5944138084337229,19.225935947775696
93,0.5391179040205561,0.8128036820747553,-12.178486188959736
94,0.00501507224748991,-0.9668468164828166,16.120947963436684
95,0.16954351877375745,-0.3901418034919108,19.439164611409968
96,0.3808608688516081,1.3912336466841166,13.73053093070001
97,0.5313491699232695,-0.21635428916325553,6.002067320150332
98,-0.03636740386486878,0.027935449892891557,-0.10527505695262387
99,-0.7820628963105393,-2.1254093731355392,23.061415725579508
100,0.06212999927246292,1.1158131046501958,-14.695623629327603
101,-0.364210623306105,0.1958857344786003,2.8471150592995333
102,0.16982008014859823,-0.3915348870511971,19.43919004067955
103,1.1659966538853155,0.2357790521015157,12.464805990235293
104,-0.5258793696262927,0.7178338789373089,8.176377943578675
105,-0.8881102860054594,-0.22369567889546468,8.784262513766738
106,-0.0882947899658808,0.159129781510212,-1.5879079584938693
107,-0.8542197046644161,0.45148757339245793,19.361334093650836
108,-0.17701262155237235,-0.7326399859085392,15.734361611762733
109,-0.13419563965553793,-0.8842949770721097,10.569621863450253
110,0.135451700814237,-1.1287115828350436,16.743320859967568
111,0.29996680568624084,0.7626311664944483,7.248208544380267
112,0.40890391430933415,-0.3243271130078803,5.824142959115363
113,-0.200928926575665,0.5613141212853884,-6.9451001274178585
114,0.44137722283599234,0.6380736515682127,-8.538754571060206
115,0.7684837328058562,-1.2201634211976027,25.245921367003366
116,0.06561328283980447,-2.193872338062204,23.20848590619156
117,0.7552037836931492,-0.8230597391092351,11.501693595976189
118,0.3619157197971874,-1.616917675350003,25.027462750258945
119,-0.18688183234279657,-0.8742667900667724,10.441244315084809
120,0.9708074181543364,0.5750777977409831,12.90267258312176
121,-0.2031277979689972,0.5596746549586301,-6.937598492891956
122,-1.451620833799191,0.6753711021327355,14.732910355401193
123,-0.2596519398661068,0.01179805923885693,-9.572596359548417
124,0.003576675147187284,0.611157491268045,-11.598214626876128
125,-1.2188904760670527,1.8381692644167609,20.815547137554933
126,-1.2152854499045551,-1.2018703855128021,16.42659295003963
127,-0.39256733661459275,0.3965627289845368,-6.288897825923273
128,-0.03126880730266564,-0.3867200777317213,3.9973995922972887
129,0.919368392189601,-1.5984892652661689,17.89586224064049
130,0.8067820631742617,0.8013712494179037,13.042461516210928
131,-0.25640269115064057,0.4142481112582904,-10.417584498847042
132,0.42796802644760595,0.21249492771388237,-8.77008675552916
133,0.4487479309144127,1.3838045936909948,-16.102578494824314
134,0.16539343044436255,-0.45744894738067216,4.882367841139115
135,-0.8942787164689311,0.09757247634963648,8.681475287021291
136,0.17566011135139215,0.10996648241500849,-8.468144906308703
137,0.7545561575590999,1.836831446826311,20.510097108685425
138,-0.062124023323157314,1.0000916108301152,-14.003729228872631
139,-0.13900502806646284,0.6611859886339954,-10.973457736322182
140,-0.8750167031257481,0.43956400867757384,19.14379093061127
141,-0.4036564749167519,-0.4366036040217835,15.7008182860818
142,-0.2542760870512366,0.6642988511348513,-12.353816764497614
143,-0.9148411241761268,-0.10833736144202252,8.836186963141929
144,-1.1526407546262012,1.257305419209389,22.157562005863433
145,-0.42684385310032597,-0.41342429440263273,-6.732811287205124
146,0.8743950654223999,-1.073236256707975,25.345087041939554
147,-1.7112963995113897,-1.436904163773484,23.96965175608642
148,0.8197084584489813,-1.6442710629701265,17.909505043769798
149,0.415677027457194,1.3680219397728894,-16.05558944285331
150,-0.3610082093561269,0.17590776735967378,3.2507930587894913
151,-0.017086211893681747,-1.118863622782266,18.67968768883633
152,-0.8745618361006958,2.00867648486114,20.714493339352476
153,-0.36285880798295106,0.1862117397168885,3.1899588290854424
154,1.1043946227852246,-1.466336014640309,17.96977241267281
155,-0.41633229724733184,-0.42326680953237233,-6.7234130529897635
156,-0.12213950937039274,1.513787974424652,14.626899968736566
157,-0.1864154303458289,-0.7204174949188659,15.724287382797721
158,-0.05845312274273281,0.5221357220573696,25.06401732527923
159,0.40935419514073323,-0.015723576503142468,-3.9507427101601653
160,-1.1203145517353565,1.8954405984079317,20.79554913613659
161,-0.08945634774021215,0.16123533324902778,2.6478523624288104
162,-0.013362500598463528,-0.9434916358495367,16.06228475762297
163,0.7389125120326782,0.9577230311941002,-13.319723199751747
164,-0.20488361526032312,-0.5309190635331316,-6.401114013918154
165,-1.9305726022597844,-1.1891781337880207,23.73605000930751
166,0.7386873716169786,0.9628524209420997,-13.347018341986459
167,0.8474079563094177,-0.736377244958784,11.621113684132315
168,-2.2062159740043428,0.345880296361716,22.996660090595746
169,1.6743481472715727,-1.5315317534979886,23.81587672472862
170,-0.27133158534499885,0.020372179546881673,-9.632454741032358
171,0.6469045729145378,0.13820984270570205,6.4963709982094215
172,-0.07746233953273218,-0.004863133011438558,2.489483109700346
173,-0.6459304931777242,0.5327067678896009,8.322060109892853
174,-1.4359557165479386,0.6996462025132948,14.711600627493716
175,-0.21892389969049447,0.005761545312717584,-9.417040219767165
176,-0.005127642455339681,-1.1065353641625784,18.87104506152658
177,1.6491407592471388,-0.7396791824121363,18.493865420491183
178,0.25246301182702907,0.1344416837172163,-8.505594803528762
179,0.2913745023893027,1.4753370169145172,13.79393457618447
180,-0.06357409437094065,-0.0019699731551681915,18.75188774248944
181,-1.0326981015034447,2.1455809072684686,23.143840464709307
182,-1.4907692082124275,1.6427934469806744,20.8335489413113
183,-0.1083010174609595,0.8922595382460242,8.077979384941463
184,0.08907666649595834,-0.4400771926739105,-5.41806083409726
185,0.04449942008971012,1.5297639231106084,14.310784480384331
186,-0.2536576457858891,-0.5190764920484385,-6.496117765066527
187,-0.14203636309562234,-0.006825211028201571,0.04593479683636047
188,0.08687557149358222,-0.9601314567769078,19.319223223227464
189,-0.982175758367076,-0.5592197316388007,17.124848906101032
190,-2.033711302861875,1.126930004016992,23.12376829458802
191,0.11776344677190684,-0.2470968691284162,19.26318135128622
192,0.6652676923017057,0.353115782340835,-9.0950548083537
193,0.0803220397388121,-0.9400196806743211,10.91381974184126
194,0.6032929287356232,-1.7343076977735574,17.930051893589898
195,0.13632113195041992,-0.8539463372887524,19.3580537178751
196,0.9888856376327486,1.6152312465620415,20.335550602292912
197,-0.3844499128241023,-0.06964954977973245,3.758447103377729
198,1.7801513568983545,-1.4225600585220328,23.883916973699712
199,-1.296821163254666,-1.855327237832741,24.474422757236102
200,-1.5601658923527235,-0.45841759918914204,15.368243702994343
201,0.7375480499330868,0.9696885218163773,-13.38285136148243
202,0.17285864190715056,-0.4077161093356881,19.43959267078122
203,0.032473169551092945,0.631495095553635,-11.593663847174328
204,0.6420004031681148,-0.8961615062181701,11.251931548379616
205,-0.11974343164997558,0.6827666688491734,-11.04040770536006
206,-0.3599387923815541,0.17011110229336074,3.2787016821528048
207,-1.7869873564894883,-1.353642170275539,23.886069985190762
208,-0.3936002030155057,-0.44279107843915294,-6.700417576419756
209,-1.0147263373080113,-0.49925329686686876,17.15044982325002
210,-1.7132580396148458,-1.5019673187551872,22.532999741932645
211,-0.3638150988474131,0.19196157844507428,3.1435779604785443
212,-0.24896555275203236,-0.5205173548073838,-6.48750254044363
213,-0.12285620636036962,-0.5357954004829375,-6.213187473515316
214,0.9950833919404873,1.7866929620149918,22.811225618611683
215,-0.04401856463395677,0.5819109039075898,-11.626880830562326
216,-1.4464676893276285,1.6776970371315165,20.830633051732868
217,-0.16986774876747782,-1.697445909113617,17.857942961486113
218,2.19353028440863,-0.6973027076377161,24.08610085791336
219,-0.3509957147579334,-0.5055555230372651,15.671847990713548
220,-0.34544461375528723,0.09102196168870477,3.520611383213861
221,0.0865250751180302,-0.4427258754857722,-5.43290940842579
222,-1.2718372479391487,0.13638797145716894,18.035837655039906
223,-2.189868556215512,-0.4621729626084884,23.274398572941177
224,0.0857215183997742,0.846949611184852,7.701531894959369
225,0.6509776687807861,1.041719680932955,-13.574440776257592
226,0.3804514468363915,1.3916098908660464,13.730967466494453
227,0.601943198045948,0.5381525076661113,-8.905297360541152
228,0.8693316296782042,-0.70678027680083,11.646364948824589
229,-0.05440809994066438,0.12322840921264644,2.719925269734024
230,-0.07749082952360774,0.08582614387964106,-0.532972061113157
231,0.08125790119518292,-2.191327381034217,23.215394191093942
232,-0.012910274109150991,-0.9177996303713996,10.761193265826128
233,-1.7940600314682373,1.5679845603762332,23.14271733863622
234,0.07019933751737803,0.7040827258047018,-7.809783236005674
235,-0.60010733082904,2.088177806139777,20.664283246568093
236,0.00902785271842112,0.614855138503188,-11.59666344143179
237,-2.2133040057830513,0.2697020116132041,23.011231062064702
238,-0.6593484450267212,2.077970208920336,20.66216837898141
239,-0.6426253762850289,0.4583705006048629,19.315654649063166
240,0.6337661009272519,1.0478988518426913,-13.538589744362334
241,0.043026557049226324,-1.0419815817310853,19.193941688433306
242,-0.24655891288865647,-0.8490765342465921,10.283250144082638
243,-0.6979804557272838,-1.5365758621389045,17.25376470733924
244,-0.05493037011486122,0.05038105613266446,-0.28273851247646714
245,0.6793008889780494,0.8991089791817451,-12.836042599059422
246,-0.1679655902059472,0.5807903387463582,24.953539863591836
247,-0.2374999296436201,0.005140824086379348,-9.480525450824858
248,-0.3103165939812879,0.24157626166013252,2.5916229496244183
249,0.06649313714338088,-1.7357589058862748,17.976494216264946
250,0.2546349219607034,-1.1928308604080997,17.682230946904546
251,0.07020989966033676,-0.9377823617979844,10.896888086513025
252,0.08669267964971765,-1.0692530232594861,16.458635948815385
253,-0.5385443518627833,0.11147826529652438,-6.009238374171702
254,-0.27000867693941616,-0.1828563058946873,3.590575780249788
255,-2.2058340691510447,0.45637411957296015,20.819050019439484
256,0.3625972559691569,0.7510032611005306,-11.842917309379315
257,2.217661445655794,-0.580986764344956,24.125325506239474
258,0.20375513367052048,-0.42355838516106015,5.238386091672914
259,-1.9333249438417113,-1.1859378600880743,23.73329517176975
260,-0.3612874112667074,0.17743452377954433,3.242848531151749
261,-0.1322099567792941,-0.007757926344620341,0.012832245161468908
262,-0.04049331044591074,-0.908858113881382,15.985056065910548
263,-1.1195649175364162,-1.9776812604670138,23.123645386451724
264,0.05715314530541583,-0.49012883096277265,4.424601785253924
265,0.45492261527832045,1.0948207483692796,-13.16101171143686
266,1.2046023982040466,-1.8755319859962025,23.545377107790106
267,1.502336978361296,-1.0061304388485457,18.21006629556268
268,0.6197048311867284,0.8599610715227394,-12.514341147822927
269,-0.15674831643263065,0.6385141458419913,-10.906336119714643
270,-0.19114671448908518,-0.7142651402550919,15.71952999028059
271,-0.8845976785938507,-0.23585255856252943,8.782465512049798
272,-0.16782689259183106,0.8780855868395121,-13.250581015765551
273,0.03745655536970662,0.6351802194657904,-11.593761326041049
274,-0.2786586550959317,0.028606808903483702,-9.67643254366401
275,-0.43660021573176994,-1.0234105827251923,17.172685600391347
276,-0.09232383057794587,0.8899974449698644,8.07677573284804
277,0.5513788842888749,1.1958289711559287,13.512447395681885
278,-0.9104540825079864,-0.13201297579609197,8.81987408670679
279,0.4664161724753473,0.7818335043266039,-12.002210492235829
280,-0.22429544426284198,-1.119604676807745,17.580619823877143
281,0.28831898561179026,0.11074183945562749,-3.646315149838329
282,0.24479711964802492,-0.25363513271251226,-4.3810308509355425
283,-1.6210350358094865,0.17750421879443143,14.901391980999039
284,-0.6022155901538313,0.6202494237569888,8.133114279601044
285,-0.31134167775054705,0.25297711376336335,2.895334252186437
286,1.6042249683639498,0.7539764613254604,19.56988165257671
287,-0.2747546924925886,0.2755335241869607,18.80701416072583
288,-0.15372198452382002,-1.7004086278616983,17.86468807524203
289,0.4181952646994629,-0.03109187177805187,-3.9812758460546456
290,0.04490342205788207,0.7032817776258039,-7.766894653754337
291,0.6470063030282984,0.18001432831497463,6.553155616732963
292,-0.23149382264035645,0.7475533578636191,-12.677501698761297
293,-1.2881326888665772,0.28060819245842766,18.30039953753165
294,-1.1332754129502574,-1.332036171168234,16.66278000589244
295,0.1028424741847676,0.7042319166959444,-7.865829346158515
296,0.22015425036962288,-0.960676629696093,11.009340554804414
297,0.03730201454115237,0.6350650593435356,-11.593753909170754
298,-1.1142959369312209,1.2548410470423654,22.254044892859003
299,0.6345646545251591,0.310962549410975,6.684621761799396
300,1.1202859227689157,0.30652384815035283,12.624251748709282
301,0.23437450815678862,1.5149341307241626,13.856363433001722
302,-0.8796730794393365,2.0066134035220213,20.716239482530256
303,-0.3308887299780509,0.2169390738975426,2.5695365694418717
304,0.6905623569811145,0.9065421158671455,-12.904963336489697
305,0.28335227686100617,0.7812871062997351,7.249531925951292
306,-0.08199266500864184,0.5631365370262253,-11.672636562958733
307,1.6211143908572423,-1.5832555276518374,23.78148363762258
308,-0.2267119513913504,0.5615754775912151,-11.988424649465134
309,-0.8859115535876925,0.4133434372955176,18.70386456688888
310,1.9690986440918465,-1.1817633737178737,23.989880740036774
311,-0.2501607426131534,0.24452740994675817,18.76869437057558
312,-0.14031931998700023,-0.8832984200330697,10.554485090733158
313,-0.45780343977031784,-0.3837558616298043,-6.678273980380657
314,0.08104902092061722,-0.44829045070758816,-5.464479846608527
315,1.9167743437764901,0.941478103310064,23.278365538995555
316,0.15125322258277887,-1.1475439381467634,16.855483010764594
317,-0.0643601401679756,0.1483678911254969,2.6797152372117097
318,2.20236023592214,0.11071733730195624,23.800530160537495
319,0.12160834476002012,0.9018238178085192,-11.88012562853837
320,-1.6290429468545626,-0.1199399479438133,15.089093896187258
321,0.5237027343233999,-0.2382250476532858,5.999280696025597
322,0.6754101290534048,-2.0803483471187443,23.453348581182514
323,0.10827475107912789,-0.4189672260553724,-5.303426216610094
324,0.5523072410647224,1.0841040508457802,-13.429301101027773
325,0.440174528294348,0.5838160824786052,7.127456598229924
326,1.6436478890063309,-0.7505959808572841,18.483274129711393
327,-0.2973865853418719,0.23139670579433735,-10.227784668918526
328,0.3896830377334642,0.63274633886778,7.208439285863995
329,1.759918182305228,0.3805214412221239,19.268822410921235
330,0.09562213766794415,-1.8273793326783998,24.85321291867819
331,-0.07847116316085748,0.15693221057205314,-1.7309375341250532
332,-0.10342617155880345,-0.31322300921022345,3.752042106102435
333,-1.022581236255751,-0.4844222793727394,17.158905055385148
334,-2.2287519737136057,-0.03678753352200899,21.158318857743698
335,-0.4430782837546111,-0.3996814447776586,-6.706967732442232
336,1.8554333087879322,1.0420202406846555,23.246290753632827
337,0.23100490660181883,0.15078271449287417,-3.45976708775727
338,0.40020626753393906,-0.13847882190378194,-4.144386068230307
339,0.3005260433607933,1.298165482917711,-15.72192563938554
340,-0.36442422874988906,0.19812060313956986,2.8960420335230617
341,0.643534415457307,0.10478836060581848,6.440188205732592
342,-0.014309480100054069,0.19398110039988875,-2.2864558213789827
343,0.23234435309966583,0.14997632139093825,-3.465495030730014
344,-0.43277074403139904,-0.4088260568969955,-6.724026534118365
345,-0.22464079854247987,0.21167138310437658,18.73999532074951
346,-0.9502450104471407,1.210250938806824,22.63937037658298
347,-0.2865628903693338,-0.17810697177474408,3.6242197634561397
348,-0.6602552605899554,0.4936353613992799,8.390852641422333
349,0.34245858476039814,1.4257435688993074,13.76721265206819
350,-0.9055421301299095,0.0597212771121435,8.715222046858859
351,0.2553203494484998,-0.2443093407790841,-4.309148133375724
352,0.06678776534170373,-1.0445538994973382,16.36289262974341
353,0.6713781699544695,0.4506939758596615,-9.038628318710069
354,-1.0738323672562728,1.2484359118265498,22.35249007182378
355,-0.25569363781675225,0.6320845084725044,-12.236379099815776
356,-0.1661833675572244,0.11673397725900668,0.4731857292263562
357,2.2360484688401843,-0.45229587221745715,24.174175133101365
358,1.803554286183626,-0.37231621444992735,18.804746717521674
359,0.4290645436574019,0.21301491786401658,-8.772903047135072
360,-0.8756268058571808,0.4388602523749053,19.127302168394873
361,1.2167282942229456,0.09552082934889747,12.142765482071074
362,-0.1692962812431837,-0.5353078076248796,-6.324025183188419
363,-0.8310887505603322,1.2553289121465752,15.169185499833153
364,0.16562051651797555,-0.7439377928432749,19.40899702126569
365,-0.3213701545387439,-1.0843866423514554,17.355146966940428
366,-0.7590566032884816,0.347806165640276,8.540171193286355
367,0.636176215179759,0.30468455314809795,6.681560713473784
368,-0.1014769002806542,0.14401304167966075,-1.1064381149255973
369,0.06941857279182245,0.6599848386118006,-11.600151489575754
370,2.176289531686394,0.2458913631677909,23.683797098533585
371,-0.29665029279719524,0.23471402515527218,-10.232819664295233
372,-0.05866936872225657,0.13795039212293875,2.70564779441813
373,-0.31371565835609,-0.17103537797907054,3.6775449417639927
374,-0.9697890052122091,-0.5809234671146386,17.11764182728109
375,-0.14354619363646173,0.9089147410809778,-13.440404155857847
376,0.757972732855123,0.050629344623199755,25.048963197688266
377,0.3037994738246124,0.0990477782467974,-3.679806557427204
378,-0.2036994044688566,-0.5311218869162991,-6.398654791639253
379,-0.8930572602259784,0.10093498857178716,8.678654757203784
380,0.42974163261128345,-2.1374675635725393,23.337819171272024
381,0.1376044323199073,0.7032526472875503,-7.926540667726264
382,-0.29628423115833563,0.4857135428712141,-6.621761666952194
383,-0.3855960443106913,-0.4602558052067893,15.688482971230027
384,-1.6059035847287813,0.2617589578852899,14.884409467131643
385,-0.01589241178821319,0.19273747997799706,-2.275804665860391
386,-0.6966765869741399,-0.05419930841310032,16.26437963939309
387,-0.302681832328899,-1.0921422546037844,17.392116886697174
388,0.5243787114727595,0.5956519839325766,-8.77160191617493
389,0.42756360755273826,1.3737941026855314,-16.0733200010675
390,-1.7974834165669575,-1.4136015947090594,22.404535310229473
391,-1.3847776866947366,1.1219293866988425,21.328631390751255
392,-0.10657257835598716,0.6970609530548264,-11.086043708278863
393,-0.21715821513403602,0.5531587155589901,-11.951786369765816
394,-1.6142783217783259,-0.2613791745033856,15.233994112461872
395,-1.4191795591403222,-0.8149410866133436,15.741689479613175
396,0.022493890112993388,-0.9266483109236182,10.818281976031722
397,0.2565939215284199,1.266993026278696,-15.550021657923478
398,-1.7563831998276147,1.3419233346668857,20.705109938877705
399,-0.6431644625026206,0.45845489691195274,19.31576060435308
400,-1.352988276924657,0.5914999578699079,19.216361827779078
401,0.027335937781751245,0.825615585983298,-11.549125541059032
402,-0.05317177331223036,0.11430227463021146,2.72063093196485
403,-0.4420632062260497,-0.40065023270920447,-6.708754138630179
404,0.5763010944534227,1.1601527464259866,13.473415585983414
405,-0.8968802000747828,-1.4585221417114727,16.954606303584818
406,0.041388730012794785,0.21726304681830685,-2.6019509415087727
407,-2.1574468076235602,0.6797038996402676,22.97638024810623
408,-2.07585786663196,1.0009728716238244,23.082416064040437
409,-0.7643268346737643,2.224473486151451,23.018503833164388
410,-0.06836611083620972,0.020414377700426596,2.561926860520258
411,0.04743805841685012,0.6427124537504834,-11.594700089909686
412,-2.0036508186112463,-1.0746546591593882,22.017383157307382
413,0.14268482308306313,-1.137364926773272,16.79318977671843
414,0.2411059286350744,0.13006042639464557,-8.496646879295534
415,0.01911650592636977,0.818469668988155,-11.520561054451152
416,0.1310431179334834,-0.8681537749719485,19.352154127332696
417,-0.7234015881710669,0.3898518613401344,8.512749964256646
418,-0.2618503943327432,0.6749627329048814,24.61205867883422
419,-2.024855918819925,-0.9923607729776093,23.599456687762146
420,0.6171465689816683,0.5234378754019204,-8.928493092609095
421,-0.3024436282100663,-0.5001014797531217,-6.578995992837157
422,0.04510702126096838,0.6409357753631661,-11.594392819568936
423,-1.1947095615675305,-1.238966373924917,16.4998292464281
424,-0.2566186591790338,2.2657225896108417,22.848407448948258
425,-0.21267375159465776,-0.8681841304178856,10.37965886237527
426,-0.2357245167975944,0.7352592661359953,-12.630838989083228
427,0.0835065258408734,-1.0653130769491497,16.442621866297802
428,-0.7087891413387752,-0.5035598226207422,9.231253976220586
429,-0.1657938190478381,0.11647861036852192,0.4716705685805878
430,0.565685028975363,0.27132051498626586,-9.03550157810471
431,0.4681992289774616,-1.760143721466051,17.95892047187983
432,-0.44652640650394526,1.4076566235514973,15.039322458303117
433,2.2352991125923745,-0.16502663316042526,24.04945728044955
434,-0.009310251067002274,0.017368487752938797,-8.78434515889287
435,-0.06504973692272938,0.1493144909956627,2.676335263463457
436,-0.24518875279088992,0.006355041923865547,-9.51004883280646
437,-0.1672020584504822,0.5803729853954913,24.9545697490098
438,-0.03520862560184237,0.027355837835490636,-0.1069671629325484
439,0.36710395559897463,-0.17417927654124332,-4.184122480606705
440,0.30353958951760124,1.300264772995033,-15.733438741187582
441,-2.2206580367936417,0.1661847682906195,23.036579805623695
442,-0.8669419448337884,-0.27654600762588694,8.822650115302533
443,1.105807448381522,-0.2410053614795925,11.904357603341671
444,-1.3758364852412466,0.9118329475832233,20.3669345591654
445,-0.5016043686690984,-2.2112597469226998,23.018944607170432
446,0.6316500589708067,1.9053291231373428,20.578082260905763
447,0.6650928610406254,0.35290560831156614,-9.094961567698576
448,1.031804627594474,0.46852746004005014,12.817681606870247
449,-0.854849124999418,0.25488474254974586,17.532956896262288
450,-1.6383154660556003,0.002340500167907814,14.970856269066571
451,-2.0905327134930474,-0.8031208393131066,23.48598704868758
452,-0.08967829171791102,-0.8456885670092386,15.87031284425122
453,-0.9503304804197673,-0.6065652431777496,17.0871224655743
454,-0.2204333133046381,0.546603572713476,-6.878654505559971
455,-0.24919611321477653,0.600848618480096,-12.133645910268188
456,0.4360391713748693,0.5876495805435477,7.135798458204843
457,0.05783440352625481,1.112212921537434,-14.674900893726248
458,-0.5186361021412035,0.7259713164176816,8.182317797131248
459,-0.8636917232893654,0.4479600800022542,19.319793262687202
460,-0.2479347709845981,-0.5208254013282617,-6.485599583436778
461,-0.36172032015245065,0.021555089076899056,3.6277343004225826
462,0.5313430549983986,-0.2172676750028892,6.002355518538898
463,0.5787762492704651,-1.4086797245903477,25.193253111492975
464,-0.218334782269414,-2.0200163538263447,24.654788328150683
465,0.3849236805260281,0.6411590172077264,7.2122981775226584
466,-0.35875096822539115,0.16371903489283643,3.3062489979775123
467,0.11629892226533785,-0.2446692501918995,19.254554471581432
468,1.850079970014632,-1.3452490936585295,23.9287106320637
469,1.560580525951637,-1.6398615601092958,23.742220845392094
470,-0.6849544149722824,0.46354698893714147,19.323690298250234
471,-0.23973118234365476,-0.853387415938896,10.302743798320993
472,-1.8762689424564027,1.4389692869587423,23.116639622682616
473,0.4076247832068042,0.6113047764362244,7.186100732091454
474,-0.003291497287301198,0.49367728730667293,25.089120252565625
475,-0.37730406721025106,-0.09878424397175554,3.7901521047786564
476,1.6324875952147655,-1.5723632313603608,23.788845411165795
477,-0.38168485497795535,-0.4653767553240798,15.686147716640324
478,0.45547073490765316,-0.9596190895190269,11.04733188355593
479,0.5114389745437762,-0.25093308965487765,5.9867165177476105
480,-0.016400784405885365,0.6809053219086143,-7.585232190091207
481,-0.2394204329797633,0.012931964461531822,0.5632169986190715
482,0.09721535354793152,0.8830758588038893,-11.793774186364361
483,-0.36431888527143214,0.1987818890425416,2.932897521566703
484,-0.1867945556878217,0.1165559282756623,0.5392340187470668
485,0.1382181484160364,0.011819566684857247,-0.02356763513554231
486,-1.3517955886237103,-1.8052142760981627,24.411421741853314
487,0.8691370638868589,-0.7071039774754424,11.646131847186778
488,0.30281080165344787,-0.9658875571665873,10.982080377815373
489,0.1000874225793184,2.2091019239227188,22.81150957878865
490,-0.1520109173645035,0.6455204005612082,-10.926520602443237
491,0.44541891022449487,-1.7593783014099764,17.96162868909003
492,-0.0029054231670460583,-0.06447523941666906,1.790698436742275
493,-0.13451556140673568,0.08231117381242485,0.3157499426020328
494,-0.3848277873860079,1.4246219147534682,15.010462356436376
495,-1.23046880835888,1.2489256826538229,21.94730009034675
496,0.27676983818866474,0.6881024211803151,-8.17943581324559
497,0.12238299456070484,2.0692752113208663,20.698144438118767
498,-0.06879568430838706,-1.1382554439361459,18.183840242203196
499,0.25773157550552883,0.6922683317967306,-8.146912837006527
500,0.08225338316904453,0.21419537717866685,-2.790282231119082
